<?xml version="1.0" encoding="utf-8"?>
<TextureAtlas imagePath="healthlight.png">
	<!-- Created with Adobe Animate version 21.0.0.35450 -->
	<!-- http://www.adobe.com/products/animate.html -->
	<SubTexture name="healthlight0000" x="0" y="0" width="1024" height="75"/>
	<SubTexture name="healthlight0001" x="0" y="75" width="1024" height="75"/>
	<SubTexture name="healthlight0002" x="0" y="150" width="1024" height="75"/>
	<SubTexture name="healthlight0003" x="0" y="225" width="1024" height="75"/>
	<SubTexture name="healthlight0004" x="0" y="300" width="1024" height="75"/>
	<SubTexture name="healthlight0005" x="0" y="375" width="1024" height="75"/>
	<SubTexture name="healthlight0006" x="0" y="450" width="1024" height="75"/>
	<SubTexture name="healthlight0007" x="0" y="525" width="1024" height="75"/>
	<SubTexture name="healthlight0008" x="0" y="600" width="1024" height="75"/>
	<SubTexture name="healthlight0009" x="0" y="675" width="1024" height="75"/>
	<SubTexture name="healthlight0010" x="0" y="750" width="1024" height="75"/>
	
</TextureAtlas>
