<?xml version="1.0" encoding="utf-8"?>
<TextureAtlas imagePath="menu_credits.png">
	<!-- Created with Adobe Animate version 20.0.1.19255 -->
	<!-- http://www.adobe.com/products/animate.html -->
	<SubTexture name="credits basic0000" x="0" y="0" width="255" height="65"frameX="-250" frameY="100" frameWidth="255" frameHeight="65"/>
	<SubTexture name="credits white0000" x="255" y="0" width="253" height="75"frameX="-250" frameY="100" frameWidth="255" frameHeight="65"/>
	<SubTexture name="credits white0001" x="0" y="75" width="253" height="75"frameX="-250" frameY="100" frameWidth="255" frameHeight="65"/>
	<SubTexture name="credits white0002" x="253" y="75" width="253" height="75"frameX="-250" frameY="100" frameWidth="255" frameHeight="65"/>
	<SubTexture name="credits white0003" x="0" y="150" width="253" height="75"frameX="-250" frameY="100" frameWidth="255" frameHeight="65"/>
	<SubTexture name="credits white0004" x="253" y="150" width="253" height="75"frameX="-250" frameY="100" frameWidth="255" frameHeight="65"/>
	<SubTexture name="credits white0005" x="0" y="150" width="253" height="75"frameX="-250" frameY="100" frameWidth="255" frameHeight="65"/>
	<SubTexture name="credits white0006" x="0" y="225" width="253" height="75"frameX="-250" frameY="100" frameWidth="255" frameHeight="65"/>
	<SubTexture name="credits white0007" x="253" y="225" width="253" height="75"frameX="-250" frameY="100" frameWidth="255" frameHeight="65"/>
	<SubTexture name="credits white0008" x="0" y="300" width="253" height="75"frameX="-250" frameY="100" frameWidth="255" frameHeight="65"/>
	<SubTexture name="credits white0009" x="255" y="0" width="253" height="75"frameX="-250" frameY="100" frameWidth="255" frameHeight="65"/>
</TextureAtlas>
