<?xml version="1.0" encoding="utf-8"?>
<TextureAtlas imagePath="menu_mods.png">
	<!-- Created with Adobe Animate version 20.0.1.19255 -->
	<!-- http://www.adobe.com/products/animate.html -->
	<SubTexture name="mods basic0000" x="0" y="0" width="255" height="63"frameX="-250" frameY="-95" frameWidth="255" frameHeight="63"/>
	<SubTexture name="mods white0000" x="255" y="0" width="256" height="72"frameX="-250" frameY="-95" frameWidth="255" frameHeight="63"/>
	<SubTexture name="mods white0001" x="0" y="72" width="256" height="72"frameX="-250" frameY="-95" frameWidth="255" frameHeight="63"/>
	<SubTexture name="mods white0002" x="256" y="72" width="256" height="72"frameX="-250" frameY="-95" frameWidth="255" frameHeight="63"/>
	<SubTexture name="mods white0003" x="0" y="144" width="256" height="72"frameX="-250" frameY="-95" frameWidth="255" frameHeight="63"/>
	<SubTexture name="mods white0004" x="256" y="144" width="256" height="72"frameX="-250" frameY="-95" frameWidth="255" frameHeight="63"/>
	<SubTexture name="mods white0005" x="0" y="144" width="256" height="72"frameX="-250" frameY="-95" frameWidth="255" frameHeight="63"/>
	<SubTexture name="mods white0006" x="256" y="72" width="256" height="72"frameX="-250" frameY="-95" frameWidth="255" frameHeight="63"/>
	<SubTexture name="mods white0007" x="0" y="216" width="256" height="72"frameX="-250" frameY="-95" frameWidth="255" frameHeight="63"/>
	<SubTexture name="mods white0008" x="0" y="72" width="256" height="72"frameX="-250" frameY="-95" frameWidth="255" frameHeight="63"/>
	<SubTexture name="mods white0009" x="255" y="0" width="256" height="72"frameX="-250" frameY="-95" frameWidth="255" frameHeight="63"/>
</TextureAtlas>
