<?xml version="1.0" encoding="utf-8"?>
<TextureAtlas imagePath="menu_awards.png">
	<!-- Created with Adobe Animate version 20.0.1.19255 -->
	<!-- http://www.adobe.com/products/animate.html -->
	<SubTexture name="awards basic0000" x="0" y="0" width="257" height="68" frameX="-500" frameY="50" frameWidth="257" frameHeight="68"/>
	<SubTexture name="awards white0000" x="0" y="68" width="256" height="75" frameX="-500" frameY="50" frameWidth="257" frameHeight="68"/>
	<SubTexture name="awards white0001" x="256" y="68" width="256" height="75"frameX="-500" frameY="50" frameWidth="257" frameHeight="68"/>
	<SubTexture name="awards white0002" x="0" y="143" width="256" height="75"frameX="-500" frameY="50" frameWidth="257" frameHeight="68"/>
	<SubTexture name="awards white0003" x="256" y="143" width="256" height="75"frameX="-500" frameY="50" frameWidth="257" frameHeight="68"/>
	<SubTexture name="awards white0004" x="0" y="218" width="256" height="75"frameX="-500" frameY="50" frameWidth="257" frameHeight="68"/>
	<SubTexture name="awards white0005" x="256" y="143" width="256" height="75"frameX="-500" frameY="50" frameWidth="257" frameHeight="68"/>
	<SubTexture name="awards white0006" x="0" y="143" width="256" height="75"frameX="-500" frameY="50" frameWidth="257" frameHeight="68"/>
	<SubTexture name="awards white0007" x="256" y="68" width="256" height="75"frameX="-500" frameY="50" frameWidth="257" frameHeight="68"/>
	<SubTexture name="awards white0008" x="0" y="68" width="256" height="75"frameX="-500" frameY="50" frameWidth="257" frameHeight="68"/>
	<SubTexture name="awards white0009" x="256" y="218" width="256" height="75"frameX="-500" frameY="50" frameWidth="257" frameHeight="68"/>
</TextureAtlas>
