<?xml version="1.0" encoding="utf-8"?>
<TextureAtlas imagePath="menu_donate.png">
	<!-- Created with Adobe Animate version 20.0.1.19255 -->
	<!-- http://www.adobe.com/products/animate.html -->
	<SubTexture name="donate basic0000" x="0" y="0" width="258" height="66"frameX="-500" frameY="240" frameWidth="258" frameHeight="66"/>
	<SubTexture name="donate white0000" x="258" y="0" width="259" height="76"frameX="-500" frameY="240" frameWidth="258" frameHeight="66"/>
	<SubTexture name="donate white0001" x="517" y="0" width="259" height="76"frameX="-500" frameY="240" frameWidth="258" frameHeight="66"/>
	<SubTexture name="donate white0002" x="0" y="76" width="259" height="76"frameX="-500" frameY="240" frameWidth="258" frameHeight="66"/>
	<SubTexture name="donate white0003" x="259" y="76" width="259" height="76"frameX="-500" frameY="240" frameWidth="258" frameHeight="66"/>
	<SubTexture name="donate white0004" x="518" y="76" width="259" height="76"frameX="-500" frameY="240" frameWidth="258" frameHeight="66"/>
	<SubTexture name="donate white0005" x="259" y="76" width="259" height="76"frameX="-500" frameY="240" frameWidth="258" frameHeight="66"/>
	<SubTexture name="donate white0006" x="0" y="76" width="259" height="76"frameX="-500" frameY="240" frameWidth="258" frameHeight="66"/>
	<SubTexture name="donate white0007" x="0" y="152" width="259" height="76"frameX="-500" frameY="240" frameWidth="258" frameHeight="66"/>
	<SubTexture name="donate white0008" x="258" y="0" width="259" height="76"frameX="-500" frameY="240" frameWidth="258" frameHeight="66"/>
	<SubTexture name="donate white0009" x="259" y="152" width="259" height="76"frameX="-500" frameY="240" frameWidth="258" frameHeight="66"/>
</TextureAtlas>
