<?xml version="1.0" encoding="utf-8"?>
<TextureAtlas imagePath="menu_story_mode.png">
	<!-- Created with Adobe Animate version 20.0.1.19255 -->
	<!-- http://www.adobe.com/products/animate.html -->
	<SubTexture name="story_mode basic0000" x="0" y="0" width="262" height="65" frameX="-250" frameY="-290" frameWidth="262" frameHeight="65"/>
	<SubTexture name="story_mode white0000" x="262" y="0" width="262" height="71"frameX="-250" frameY="-290" frameWidth="262" frameHeight="65"/>
	<SubTexture name="story_mode white0001" x="524" y="0" width="262" height="71"frameX="-250" frameY="-290" frameWidth="262" frameHeight="65"/>
	<SubTexture name="story_mode white0002" x="0" y="71" width="262" height="71"frameX="-250" frameY="-290" frameWidth="262" frameHeight="65"/>
	<SubTexture name="story_mode white0003" x="262" y="71" width="262" height="71"frameX="-250" frameY="-290" frameWidth="262" frameHeight="65"/>
	<SubTexture name="story_mode white0004" x="524" y="71" width="262" height="71"frameX="-250" frameY="-290" frameWidth="262" frameHeight="65"/>
	<SubTexture name="story_mode white0005" x="524" y="71" width="262" height="71"frameX="-250" frameY="-290" frameWidth="262" frameHeight="65"/>
	<SubTexture name="story_mode white0006" x="0" y="71" width="262" height="71"frameX="-250" frameY="-290" frameWidth="262" frameHeight="65"/>
	<SubTexture name="story_mode white0007" x="0" y="142" width="262" height="71"frameX="-250" frameY="-290" frameWidth="262" frameHeight="65"/>
	<SubTexture name="story_mode white0008" x="262" y="0" width="262" height="71"frameX="-250" frameY="-290" frameWidth="262" frameHeight="65"/>
	<SubTexture name="story_mode white0009" x="262" y="142" width="262" height="71"frameX="-250" frameY="-290" frameWidth="262" frameHeight="65"/>
</TextureAtlas>
